{
  "schema_version": "2024-07",
  "source_csv": "https://pages.mysociety.org/2025-constituencies/data/parliament_con_2025/latest/parl_constituencies_2025.csv",
  "region_order": [
    "North East",
    "North West",
    "Yorkshire and the Humber",
    "East Midlands",
    "West Midlands",
    "East of England",
    "London",
    "South East",
    "South West",
    "Wales",
    "Scotland",
    "Northern Ireland"
  ],
  "regions": {
    "North East": [
      {
        "pcon24_code": "E14001101",
        "name": "Bishop Auckland"
      },
      {
        "pcon24_code": "E14001106",
        "name": "Blaydon and Consett"
      },
      {
        "pcon24_code": "E14001107",
        "name": "Blyth and Ashington"
      },
      {
        "pcon24_code": "E14001173",
        "name": "City of Durham"
      },
      {
        "pcon24_code": "E14001183",
        "name": "Cramlington and Killingworth"
      },
      {
        "pcon24_code": "E14001190",
        "name": "Darlington"
      },
      {
        "pcon24_code": "E14001211",
        "name": "Easington"
      },
      {
        "pcon24_code": "E14001244",
        "name": "Gateshead Central and Whickham"
      },
      {
        "pcon24_code": "E14001272",
        "name": "Hartlepool"
      },
      {
        "pcon24_code": "E14001285",
        "name": "Hexham"
      },
      {
        "pcon24_code": "E14001295",
        "name": "Houghton and Sunderland South"
      },
      {
        "pcon24_code": "E14001307",
        "name": "Jarrow and Gateshead East"
      },
      {
        "pcon24_code": "E14001368",
        "name": "Middlesbrough South and East Cleveland"
      },
      {
        "pcon24_code": "E14001367",
        "name": "Middlesbrough and Thornaby East"
      },
      {
        "pcon24_code": "E14001377",
        "name": "Newcastle upon Tyne Central and West"
      },
      {
        "pcon24_code": "E14001378",
        "name": "Newcastle upon Tyne East and Wallsend"
      },
      {
        "pcon24_code": "E14001379",
        "name": "Newcastle upon Tyne North"
      },
      {
        "pcon24_code": "E14001382",
        "name": "Newton Aycliffe and Spennymoor"
      },
      {
        "pcon24_code": "E14001389",
        "name": "North Durham"
      },
      {
        "pcon24_code": "E14001397",
        "name": "North Northumberland"
      },
      {
        "pcon24_code": "E14001440",
        "name": "Redcar"
      },
      {
        "pcon24_code": "E14001492",
        "name": "South Shields"
      },
      {
        "pcon24_code": "E14001518",
        "name": "Stockton North"
      },
      {
        "pcon24_code": "E14001519",
        "name": "Stockton West"
      },
      {
        "pcon24_code": "E14001531",
        "name": "Sunderland Central"
      },
      {
        "pcon24_code": "E14001557",
        "name": "Tynemouth"
      },
      {
        "pcon24_code": "E14001567",
        "name": "Washington and Gateshead South"
      }
    ],
    "North West": [
      {
        "pcon24_code": "E14001065",
        "name": "Altrincham and Sale West"
      },
      {
        "pcon24_code": "E14001070",
        "name": "Ashton-under-Lyne"
      },
      {
        "pcon24_code": "E14001076",
        "name": "Barrow and Furness"
      },
      {
        "pcon24_code": "E14001091",
        "name": "Birkenhead"
      },
      {
        "pcon24_code": "E14001102",
        "name": "Blackburn"
      },
      {
        "pcon24_code": "E14001103",
        "name": "Blackley and Middleton South"
      },
      {
        "pcon24_code": "E14001104",
        "name": "Blackpool North and Fleetwood"
      },
      {
        "pcon24_code": "E14001105",
        "name": "Blackpool South"
      },
      {
        "pcon24_code": "E14001110",
        "name": "Bolton North East"
      },
      {
        "pcon24_code": "E14001111",
        "name": "Bolton South and Walkden"
      },
      {
        "pcon24_code": "E14001112",
        "name": "Bolton West"
      },
      {
        "pcon24_code": "E14001113",
        "name": "Bootle"
      },
      {
        "pcon24_code": "E14001142",
        "name": "Burnley"
      },
      {
        "pcon24_code": "E14001144",
        "name": "Bury North"
      },
      {
        "pcon24_code": "E14001145",
        "name": "Bury South"
      },
      {
        "pcon24_code": "E14001152",
        "name": "Carlisle"
      },
      {
        "pcon24_code": "E14001158",
        "name": "Cheadle"
      },
      {
        "pcon24_code": "E14001163",
        "name": "Chester North and Neston"
      },
      {
        "pcon24_code": "E14001164",
        "name": "Chester South and Eddisbury"
      },
      {
        "pcon24_code": "E14001170",
        "name": "Chorley"
      },
      {
        "pcon24_code": "E14001178",
        "name": "Congleton"
      },
      {
        "pcon24_code": "E14001185",
        "name": "Crewe and Nantwich"
      },
      {
        "pcon24_code": "E14001222",
        "name": "Ellesmere Port and Bromborough"
      },
      {
        "pcon24_code": "E14001242",
        "name": "Fylde"
      },
      {
        "pcon24_code": "E14001251",
        "name": "Gorton and Denton"
      },
      {
        "pcon24_code": "E14001277",
        "name": "Hazel Grove"
      },
      {
        "pcon24_code": "E14001286",
        "name": "Heywood and Middleton North"
      },
      {
        "pcon24_code": "E14001299",
        "name": "Hyndburn"
      },
      {
        "pcon24_code": "E14001317",
        "name": "Knowsley"
      },
      {
        "pcon24_code": "E14001318",
        "name": "Lancaster and Wyre"
      },
      {
        "pcon24_code": "E14001329",
        "name": "Leigh and Atherton"
      },
      {
        "pcon24_code": "E14001337",
        "name": "Liverpool Garston"
      },
      {
        "pcon24_code": "E14001338",
        "name": "Liverpool Riverside"
      },
      {
        "pcon24_code": "E14001339",
        "name": "Liverpool Walton"
      },
      {
        "pcon24_code": "E14001340",
        "name": "Liverpool Wavertree"
      },
      {
        "pcon24_code": "E14001341",
        "name": "Liverpool West Derby"
      },
      {
        "pcon24_code": "E14001347",
        "name": "Macclesfield"
      },
      {
        "pcon24_code": "E14001350",
        "name": "Makerfield"
      },
      {
        "pcon24_code": "E14001352",
        "name": "Manchester Central"
      },
      {
        "pcon24_code": "E14001353",
        "name": "Manchester Rusholme"
      },
      {
        "pcon24_code": "E14001354",
        "name": "Manchester Withington"
      },
      {
        "pcon24_code": "E14001361",
        "name": "Mid Cheshire"
      },
      {
        "pcon24_code": "E14001372",
        "name": "Morecambe and Lunesdale"
      },
      {
        "pcon24_code": "E14001415",
        "name": "Oldham East and Saddleworth"
      },
      {
        "pcon24_code": "E14001416",
        "name": "Oldham West, Chadderton and Royton"
      },
      {
        "pcon24_code": "E14001422",
        "name": "Pendle and Clitheroe"
      },
      {
        "pcon24_code": "E14001424",
        "name": "Penrith and Solway"
      },
      {
        "pcon24_code": "E14001433",
        "name": "Preston"
      },
      {
        "pcon24_code": "E14001443",
        "name": "Ribble Valley"
      },
      {
        "pcon24_code": "E14001446",
        "name": "Rochdale"
      },
      {
        "pcon24_code": "E14001450",
        "name": "Rossendale and Darwen"
      },
      {
        "pcon24_code": "E14001455",
        "name": "Runcorn and Helsby"
      },
      {
        "pcon24_code": "E14001459",
        "name": "Salford"
      },
      {
        "pcon24_code": "E14001463",
        "name": "Sefton Central"
      },
      {
        "pcon24_code": "E14001491",
        "name": "South Ribble"
      },
      {
        "pcon24_code": "E14001504",
        "name": "Southport"
      },
      {
        "pcon24_code": "E14001509",
        "name": "St Helens North"
      },
      {
        "pcon24_code": "E14001510",
        "name": "St Helens South and Whiston"
      },
      {
        "pcon24_code": "E14001515",
        "name": "Stalybridge and Hyde"
      },
      {
        "pcon24_code": "E14001517",
        "name": "Stockport"
      },
      {
        "pcon24_code": "E14001528",
        "name": "Stretford and Urmston"
      },
      {
        "pcon24_code": "E14001539",
        "name": "Tatton"
      },
      {
        "pcon24_code": "E14001561",
        "name": "Wallasey"
      },
      {
        "pcon24_code": "E14001564",
        "name": "Warrington North"
      },
      {
        "pcon24_code": "E14001565",
        "name": "Warrington South"
      },
      {
        "pcon24_code": "E14001577",
        "name": "West Lancashire"
      },
      {
        "pcon24_code": "E14001580",
        "name": "Westmorland and Lonsdale"
      },
      {
        "pcon24_code": "E14001583",
        "name": "Whitehaven and Workington"
      },
      {
        "pcon24_code": "E14001584",
        "name": "Widnes and Halewood"
      },
      {
        "pcon24_code": "E14001585",
        "name": "Wigan"
      },
      {
        "pcon24_code": "E14001589",
        "name": "Wirral West"
      },
      {
        "pcon24_code": "E14001598",
        "name": "Worsley and Eccles"
      },
      {
        "pcon24_code": "E14001602",
        "name": "Wythenshawe and Sale East"
      }
    ],
    "Yorkshire and the Humber": [
      {
        "pcon24_code": "E14001074",
        "name": "Barnsley North"
      },
      {
        "pcon24_code": "E14001075",
        "name": "Barnsley South"
      },
      {
        "pcon24_code": "E14001087",
        "name": "Beverley and Holderness"
      },
      {
        "pcon24_code": "E14001118",
        "name": "Bradford East"
      },
      {
        "pcon24_code": "E14001119",
        "name": "Bradford South"
      },
      {
        "pcon24_code": "E14001120",
        "name": "Bradford West"
      },
      {
        "pcon24_code": "E14001127",
        "name": "Bridlington and The Wolds"
      },
      {
        "pcon24_code": "E14001128",
        "name": "Brigg and Immingham"
      },
      {
        "pcon24_code": "E14001147",
        "name": "Calder Valley"
      },
      {
        "pcon24_code": "E14001177",
        "name": "Colne Valley"
      },
      {
        "pcon24_code": "E14001196",
        "name": "Dewsbury and Batley"
      },
      {
        "pcon24_code": "E14001198",
        "name": "Doncaster Central"
      },
      {
        "pcon24_code": "E14001199",
        "name": "Doncaster East and the Isle of Axholme"
      },
      {
        "pcon24_code": "E14001200",
        "name": "Doncaster North"
      },
      {
        "pcon24_code": "E14001250",
        "name": "Goole and Pocklington"
      },
      {
        "pcon24_code": "E14001255",
        "name": "Great Grimsby and Cleethorpes"
      },
      {
        "pcon24_code": "E14001262",
        "name": "Halifax"
      },
      {
        "pcon24_code": "E14001269",
        "name": "Harrogate and Knaresborough"
      },
      {
        "pcon24_code": "E14001297",
        "name": "Huddersfield"
      },
      {
        "pcon24_code": "E14001308",
        "name": "Keighley and Ilkley"
      },
      {
        "pcon24_code": "E14001313",
        "name": "Kingston upon Hull East"
      },
      {
        "pcon24_code": "E14001314",
        "name": "Kingston upon Hull North and Cottingham"
      },
      {
        "pcon24_code": "E14001315",
        "name": "Kingston upon Hull West and Haltemprice"
      },
      {
        "pcon24_code": "E14001319",
        "name": "Leeds Central and Headingley"
      },
      {
        "pcon24_code": "E14001320",
        "name": "Leeds East"
      },
      {
        "pcon24_code": "E14001321",
        "name": "Leeds North East"
      },
      {
        "pcon24_code": "E14001322",
        "name": "Leeds North West"
      },
      {
        "pcon24_code": "E14001323",
        "name": "Leeds South"
      },
      {
        "pcon24_code": "E14001324",
        "name": "Leeds South West and Morley"
      },
      {
        "pcon24_code": "E14001325",
        "name": "Leeds West and Pudsey"
      },
      {
        "pcon24_code": "E14001383",
        "name": "Normanton and Hemsworth"
      },
      {
        "pcon24_code": "E14001418",
        "name": "Ossett and Denby Dale"
      },
      {
        "pcon24_code": "E14001423",
        "name": "Penistone and Stocksbridge"
      },
      {
        "pcon24_code": "E14001428",
        "name": "Pontefract, Castleford and Knottingley"
      },
      {
        "pcon24_code": "E14001436",
        "name": "Rawmarsh and Conisbrough"
      },
      {
        "pcon24_code": "E14001444",
        "name": "Richmond and Northallerton"
      },
      {
        "pcon24_code": "E14001451",
        "name": "Rother Valley"
      },
      {
        "pcon24_code": "E14001452",
        "name": "Rotherham"
      },
      {
        "pcon24_code": "E14001461",
        "name": "Scarborough and Whitby"
      },
      {
        "pcon24_code": "E14001462",
        "name": "Scunthorpe"
      },
      {
        "pcon24_code": "E14001464",
        "name": "Selby"
      },
      {
        "pcon24_code": "E14001466",
        "name": "Sheffield Brightside and Hillsborough"
      },
      {
        "pcon24_code": "E14001467",
        "name": "Sheffield Central"
      },
      {
        "pcon24_code": "E14001468",
        "name": "Sheffield Hallam"
      },
      {
        "pcon24_code": "E14001469",
        "name": "Sheffield Heeley"
      },
      {
        "pcon24_code": "E14001470",
        "name": "Sheffield South East"
      },
      {
        "pcon24_code": "E14001472",
        "name": "Shipley"
      },
      {
        "pcon24_code": "E14001475",
        "name": "Skipton and Ripon"
      },
      {
        "pcon24_code": "E14001506",
        "name": "Spen Valley"
      },
      {
        "pcon24_code": "E14001544",
        "name": "Thirsk and Malton"
      },
      {
        "pcon24_code": "E14001560",
        "name": "Wakefield and Rothwell"
      },
      {
        "pcon24_code": "E14001582",
        "name": "Wetherby and Easingwold"
      },
      {
        "pcon24_code": "E14001604",
        "name": "York Central"
      },
      {
        "pcon24_code": "E14001605",
        "name": "York Outer"
      }
    ],
    "East Midlands": [
      {
        "pcon24_code": "E14001066",
        "name": "Amber Valley"
      },
      {
        "pcon24_code": "E14001068",
        "name": "Ashfield"
      },
      {
        "pcon24_code": "E14001079",
        "name": "Bassetlaw"
      },
      {
        "pcon24_code": "E14001109",
        "name": "Bolsover"
      },
      {
        "pcon24_code": "E14001114",
        "name": "Boston and Skegness"
      },
      {
        "pcon24_code": "E14001140",
        "name": "Broxtowe"
      },
      {
        "pcon24_code": "E14001165",
        "name": "Chesterfield"
      },
      {
        "pcon24_code": "E14001179",
        "name": "Corby and East Northamptonshire"
      },
      {
        "pcon24_code": "E14001192",
        "name": "Daventry"
      },
      {
        "pcon24_code": "E14001193",
        "name": "Derby North"
      },
      {
        "pcon24_code": "E14001194",
        "name": "Derby South"
      },
      {
        "pcon24_code": "E14001195",
        "name": "Derbyshire Dales"
      },
      {
        "pcon24_code": "E14001228",
        "name": "Erewash"
      },
      {
        "pcon24_code": "E14001243",
        "name": "Gainsborough"
      },
      {
        "pcon24_code": "E14001245",
        "name": "Gedling"
      },
      {
        "pcon24_code": "E14001253",
        "name": "Grantham and Bourne"
      },
      {
        "pcon24_code": "E14001266",
        "name": "Harborough, Oadby and Wigston"
      },
      {
        "pcon24_code": "E14001287",
        "name": "High Peak"
      },
      {
        "pcon24_code": "E14001288",
        "name": "Hinckley and Bosworth"
      },
      {
        "pcon24_code": "E14001311",
        "name": "Kettering"
      },
      {
        "pcon24_code": "E14001326",
        "name": "Leicester East"
      },
      {
        "pcon24_code": "E14001327",
        "name": "Leicester South"
      },
      {
        "pcon24_code": "E14001328",
        "name": "Leicester West"
      },
      {
        "pcon24_code": "E14001336",
        "name": "Lincoln"
      },
      {
        "pcon24_code": "E14001342",
        "name": "Loughborough"
      },
      {
        "pcon24_code": "E14001343",
        "name": "Louth and Horncastle"
      },
      {
        "pcon24_code": "E14001355",
        "name": "Mansfield"
      },
      {
        "pcon24_code": "E14001357",
        "name": "Melton and Syston"
      },
      {
        "pcon24_code": "E14001362",
        "name": "Mid Derbyshire"
      },
      {
        "pcon24_code": "E14001364",
        "name": "Mid Leicestershire"
      },
      {
        "pcon24_code": "E14001375",
        "name": "Newark"
      },
      {
        "pcon24_code": "E14001391",
        "name": "North East Derbyshire"
      },
      {
        "pcon24_code": "E14001404",
        "name": "North West Leicestershire"
      },
      {
        "pcon24_code": "E14001406",
        "name": "Northampton North"
      },
      {
        "pcon24_code": "E14001407",
        "name": "Northampton South"
      },
      {
        "pcon24_code": "E14001410",
        "name": "Nottingham East"
      },
      {
        "pcon24_code": "E14001411",
        "name": "Nottingham North and Kimberley"
      },
      {
        "pcon24_code": "E14001412",
        "name": "Nottingham South"
      },
      {
        "pcon24_code": "E14001457",
        "name": "Rushcliffe"
      },
      {
        "pcon24_code": "E14001458",
        "name": "Rutland and Stamford"
      },
      {
        "pcon24_code": "E14001471",
        "name": "Sherwood Forest"
      },
      {
        "pcon24_code": "E14001476",
        "name": "Sleaford and North Hykeham"
      },
      {
        "pcon24_code": "E14001483",
        "name": "South Derbyshire"
      },
      {
        "pcon24_code": "E14001487",
        "name": "South Holland and The Deepings"
      },
      {
        "pcon24_code": "E14001488",
        "name": "South Leicestershire"
      },
      {
        "pcon24_code": "E14001490",
        "name": "South Northamptonshire"
      },
      {
        "pcon24_code": "E14001571",
        "name": "Wellingborough and Rushden"
      }
    ],
    "West Midlands": [
      {
        "pcon24_code": "E14001064",
        "name": "Aldridge-Brownhills"
      },
      {
        "pcon24_code": "E14001092",
        "name": "Birmingham Edgbaston"
      },
      {
        "pcon24_code": "E14001093",
        "name": "Birmingham Erdington"
      },
      {
        "pcon24_code": "E14001094",
        "name": "Birmingham Hall Green and Moseley"
      },
      {
        "pcon24_code": "E14001095",
        "name": "Birmingham Hodge Hill and Solihull North"
      },
      {
        "pcon24_code": "E14001096",
        "name": "Birmingham Ladywood"
      },
      {
        "pcon24_code": "E14001097",
        "name": "Birmingham Northfield"
      },
      {
        "pcon24_code": "E14001098",
        "name": "Birmingham Perry Barr"
      },
      {
        "pcon24_code": "E14001099",
        "name": "Birmingham Selly Oak"
      },
      {
        "pcon24_code": "E14001100",
        "name": "Birmingham Yardley"
      },
      {
        "pcon24_code": "E14001138",
        "name": "Bromsgrove"
      },
      {
        "pcon24_code": "E14001143",
        "name": "Burton and Uttoxeter"
      },
      {
        "pcon24_code": "E14001150",
        "name": "Cannock Chase"
      },
      {
        "pcon24_code": "E14001180",
        "name": "Coventry East"
      },
      {
        "pcon24_code": "E14001181",
        "name": "Coventry North West"
      },
      {
        "pcon24_code": "E14001182",
        "name": "Coventry South"
      },
      {
        "pcon24_code": "E14001203",
        "name": "Droitwich and Evesham"
      },
      {
        "pcon24_code": "E14001204",
        "name": "Dudley"
      },
      {
        "pcon24_code": "E14001261",
        "name": "Halesowen"
      },
      {
        "pcon24_code": "E14001281",
        "name": "Hereford and South Herefordshire"
      },
      {
        "pcon24_code": "E14001309",
        "name": "Kenilworth and Southam"
      },
      {
        "pcon24_code": "E14001316",
        "name": "Kingswinford and South Staffordshire"
      },
      {
        "pcon24_code": "E14001335",
        "name": "Lichfield"
      },
      {
        "pcon24_code": "E14001358",
        "name": "Meriden and Solihull East"
      },
      {
        "pcon24_code": "E14001380",
        "name": "Newcastle-under-Lyme"
      },
      {
        "pcon24_code": "E14001395",
        "name": "North Herefordshire"
      },
      {
        "pcon24_code": "E14001398",
        "name": "North Shropshire"
      },
      {
        "pcon24_code": "E14001400",
        "name": "North Warwickshire and Bedworth"
      },
      {
        "pcon24_code": "E14001413",
        "name": "Nuneaton"
      },
      {
        "pcon24_code": "E14001441",
        "name": "Redditch"
      },
      {
        "pcon24_code": "E14001453",
        "name": "Rugby"
      },
      {
        "pcon24_code": "E14001473",
        "name": "Shrewsbury"
      },
      {
        "pcon24_code": "E14001478",
        "name": "Smethwick"
      },
      {
        "pcon24_code": "E14001479",
        "name": "Solihull West and Shirley"
      },
      {
        "pcon24_code": "E14001493",
        "name": "South Shropshire"
      },
      {
        "pcon24_code": "E14001513",
        "name": "Stafford"
      },
      {
        "pcon24_code": "E14001514",
        "name": "Staffordshire Moorlands"
      },
      {
        "pcon24_code": "E14001520",
        "name": "Stoke-on-Trent Central"
      },
      {
        "pcon24_code": "E14001521",
        "name": "Stoke-on-Trent North"
      },
      {
        "pcon24_code": "E14001522",
        "name": "Stoke-on-Trent South"
      },
      {
        "pcon24_code": "E14001523",
        "name": "Stone, Great Wyrley and Penkridge"
      },
      {
        "pcon24_code": "E14001524",
        "name": "Stourbridge"
      },
      {
        "pcon24_code": "E14001526",
        "name": "Stratford-on-Avon"
      },
      {
        "pcon24_code": "E14001535",
        "name": "Sutton Coldfield"
      },
      {
        "pcon24_code": "E14001538",
        "name": "Tamworth"
      },
      {
        "pcon24_code": "E14001541",
        "name": "Telford"
      },
      {
        "pcon24_code": "E14001543",
        "name": "The Wrekin"
      },
      {
        "pcon24_code": "E14001547",
        "name": "Tipton and Wednesbury"
      },
      {
        "pcon24_code": "E14001562",
        "name": "Walsall and Bloxwich"
      },
      {
        "pcon24_code": "E14001566",
        "name": "Warwick and Leamington"
      },
      {
        "pcon24_code": "E14001574",
        "name": "West Bromwich"
      },
      {
        "pcon24_code": "E14001579",
        "name": "West Worcestershire"
      },
      {
        "pcon24_code": "E14001594",
        "name": "Wolverhampton North East"
      },
      {
        "pcon24_code": "E14001595",
        "name": "Wolverhampton South East"
      },
      {
        "pcon24_code": "E14001596",
        "name": "Wolverhampton West"
      },
      {
        "pcon24_code": "E14001597",
        "name": "Worcester"
      },
      {
        "pcon24_code": "E14001601",
        "name": "Wyre Forest"
      }
    ],
    "East of England": [
      {
        "pcon24_code": "E14001077",
        "name": "Basildon and Billericay"
      },
      {
        "pcon24_code": "E14001084",
        "name": "Bedford"
      },
      {
        "pcon24_code": "E14001121",
        "name": "Braintree"
      },
      {
        "pcon24_code": "E14001125",
        "name": "Brentwood and Ongar"
      },
      {
        "pcon24_code": "E14001136",
        "name": "Broadland and Fakenham"
      },
      {
        "pcon24_code": "E14001139",
        "name": "Broxbourne"
      },
      {
        "pcon24_code": "E14001146",
        "name": "Bury St Edmunds and Stowmarket"
      },
      {
        "pcon24_code": "E14001149",
        "name": "Cambridge"
      },
      {
        "pcon24_code": "E14001154",
        "name": "Castle Point"
      },
      {
        "pcon24_code": "E14001156",
        "name": "Central Suffolk and North Ipswich"
      },
      {
        "pcon24_code": "E14001159",
        "name": "Chelmsford"
      },
      {
        "pcon24_code": "E14001174",
        "name": "Clacton"
      },
      {
        "pcon24_code": "E14001176",
        "name": "Colchester"
      },
      {
        "pcon24_code": "E14001206",
        "name": "Dunstable and Leighton Buzzard"
      },
      {
        "pcon24_code": "E14001224",
        "name": "Ely and East Cambridgeshire"
      },
      {
        "pcon24_code": "E14001226",
        "name": "Epping Forest"
      },
      {
        "pcon24_code": "E14001256",
        "name": "Great Yarmouth"
      },
      {
        "pcon24_code": "E14001267",
        "name": "Harlow"
      },
      {
        "pcon24_code": "E14001268",
        "name": "Harpenden and Berkhamsted"
      },
      {
        "pcon24_code": "E14001273",
        "name": "Harwich and North Essex"
      },
      {
        "pcon24_code": "E14001278",
        "name": "Hemel Hempstead"
      },
      {
        "pcon24_code": "E14001283",
        "name": "Hertford and Stortford"
      },
      {
        "pcon24_code": "E14001284",
        "name": "Hertsmere"
      },
      {
        "pcon24_code": "E14001289",
        "name": "Hitchin"
      },
      {
        "pcon24_code": "E14001298",
        "name": "Huntingdon"
      },
      {
        "pcon24_code": "E14001302",
        "name": "Ipswich"
      },
      {
        "pcon24_code": "E14001344",
        "name": "Lowestoft"
      },
      {
        "pcon24_code": "E14001345",
        "name": "Luton North"
      },
      {
        "pcon24_code": "E14001346",
        "name": "Luton South and South Bedfordshire"
      },
      {
        "pcon24_code": "E14001351",
        "name": "Maldon"
      },
      {
        "pcon24_code": "E14001359",
        "name": "Mid Bedfordshire"
      },
      {
        "pcon24_code": "E14001365",
        "name": "Mid Norfolk"
      },
      {
        "pcon24_code": "E14001384",
        "name": "North Bedfordshire"
      },
      {
        "pcon24_code": "E14001390",
        "name": "North East Cambridgeshire"
      },
      {
        "pcon24_code": "E14001393",
        "name": "North East Hertfordshire"
      },
      {
        "pcon24_code": "E14001396",
        "name": "North Norfolk"
      },
      {
        "pcon24_code": "E14001401",
        "name": "North West Cambridgeshire"
      },
      {
        "pcon24_code": "E14001402",
        "name": "North West Essex"
      },
      {
        "pcon24_code": "E14001405",
        "name": "North West Norfolk"
      },
      {
        "pcon24_code": "E14001408",
        "name": "Norwich North"
      },
      {
        "pcon24_code": "E14001409",
        "name": "Norwich South"
      },
      {
        "pcon24_code": "E14001425",
        "name": "Peterborough"
      },
      {
        "pcon24_code": "E14001437",
        "name": "Rayleigh and Wickford"
      },
      {
        "pcon24_code": "E14001480",
        "name": "South Basildon and East Thurrock"
      },
      {
        "pcon24_code": "E14001481",
        "name": "South Cambridgeshire"
      },
      {
        "pcon24_code": "E14001489",
        "name": "South Norfolk"
      },
      {
        "pcon24_code": "E14001494",
        "name": "South Suffolk"
      },
      {
        "pcon24_code": "E14001496",
        "name": "South West Hertfordshire"
      },
      {
        "pcon24_code": "E14001497",
        "name": "South West Norfolk"
      },
      {
        "pcon24_code": "E14001501",
        "name": "Southend East and Rochford"
      },
      {
        "pcon24_code": "E14001502",
        "name": "Southend West and Leigh"
      },
      {
        "pcon24_code": "E14001507",
        "name": "St Albans"
      },
      {
        "pcon24_code": "E14001512",
        "name": "St Neots and Mid Cambridgeshire"
      },
      {
        "pcon24_code": "E14001516",
        "name": "Stevenage"
      },
      {
        "pcon24_code": "E14001530",
        "name": "Suffolk Coastal"
      },
      {
        "pcon24_code": "E14001546",
        "name": "Thurrock"
      },
      {
        "pcon24_code": "E14001568",
        "name": "Watford"
      },
      {
        "pcon24_code": "E14001569",
        "name": "Waveney Valley"
      },
      {
        "pcon24_code": "E14001573",
        "name": "Welwyn Hatfield"
      },
      {
        "pcon24_code": "E14001578",
        "name": "West Suffolk"
      },
      {
        "pcon24_code": "E14001590",
        "name": "Witham"
      }
    ],
    "London": [
      {
        "pcon24_code": "E14001073",
        "name": "Barking"
      },
      {
        "pcon24_code": "E14001081",
        "name": "Battersea"
      },
      {
        "pcon24_code": "E14001083",
        "name": "Beckenham and Penge"
      },
      {
        "pcon24_code": "E14001085",
        "name": "Bermondsey and Old Southwark"
      },
      {
        "pcon24_code": "E14001086",
        "name": "Bethnal Green and Stepney"
      },
      {
        "pcon24_code": "E14001089",
        "name": "Bexleyheath and Crayford"
      },
      {
        "pcon24_code": "E14001122",
        "name": "Brent East"
      },
      {
        "pcon24_code": "E14001123",
        "name": "Brent West"
      },
      {
        "pcon24_code": "E14001124",
        "name": "Brentford and Isleworth"
      },
      {
        "pcon24_code": "E14001137",
        "name": "Bromley and Biggin Hill"
      },
      {
        "pcon24_code": "E14001153",
        "name": "Carshalton and Wallington"
      },
      {
        "pcon24_code": "E14001160",
        "name": "Chelsea and Fulham"
      },
      {
        "pcon24_code": "E14001167",
        "name": "Chingford and Woodford Green"
      },
      {
        "pcon24_code": "E14001169",
        "name": "Chipping Barnet"
      },
      {
        "pcon24_code": "E14001172",
        "name": "Cities of London and Westminster"
      },
      {
        "pcon24_code": "E14001175",
        "name": "Clapham and Brixton Hill"
      },
      {
        "pcon24_code": "E14001186",
        "name": "Croydon East"
      },
      {
        "pcon24_code": "E14001187",
        "name": "Croydon South"
      },
      {
        "pcon24_code": "E14001188",
        "name": "Croydon West"
      },
      {
        "pcon24_code": "E14001189",
        "name": "Dagenham and Rainham"
      },
      {
        "pcon24_code": "E14001205",
        "name": "Dulwich and West Norwood"
      },
      {
        "pcon24_code": "E14001207",
        "name": "Ealing Central and Acton"
      },
      {
        "pcon24_code": "E14001208",
        "name": "Ealing North"
      },
      {
        "pcon24_code": "E14001209",
        "name": "Ealing Southall"
      },
      {
        "pcon24_code": "E14001213",
        "name": "East Ham"
      },
      {
        "pcon24_code": "E14001221",
        "name": "Edmonton and Winchmore Hill"
      },
      {
        "pcon24_code": "E14001223",
        "name": "Eltham and Chislehurst"
      },
      {
        "pcon24_code": "E14001225",
        "name": "Enfield North"
      },
      {
        "pcon24_code": "E14001229",
        "name": "Erith and Thamesmead"
      },
      {
        "pcon24_code": "E14001236",
        "name": "Feltham and Heston"
      },
      {
        "pcon24_code": "E14001238",
        "name": "Finchley and Golders Green"
      },
      {
        "pcon24_code": "E14001257",
        "name": "Greenwich and Woolwich"
      },
      {
        "pcon24_code": "E14001259",
        "name": "Hackney North and Stoke Newington"
      },
      {
        "pcon24_code": "E14001260",
        "name": "Hackney South and Shoreditch"
      },
      {
        "pcon24_code": "E14001264",
        "name": "Hammersmith and Chiswick"
      },
      {
        "pcon24_code": "E14001265",
        "name": "Hampstead and Highgate"
      },
      {
        "pcon24_code": "E14001270",
        "name": "Harrow East"
      },
      {
        "pcon24_code": "E14001271",
        "name": "Harrow West"
      },
      {
        "pcon24_code": "E14001276",
        "name": "Hayes and Harlington"
      },
      {
        "pcon24_code": "E14001279",
        "name": "Hendon"
      },
      {
        "pcon24_code": "E14001290",
        "name": "Holborn and St Pancras"
      },
      {
        "pcon24_code": "E14001292",
        "name": "Hornchurch and Upminster"
      },
      {
        "pcon24_code": "E14001293",
        "name": "Hornsey and Friern Barnet"
      },
      {
        "pcon24_code": "E14001300",
        "name": "Ilford North"
      },
      {
        "pcon24_code": "E14001301",
        "name": "Ilford South"
      },
      {
        "pcon24_code": "E14001305",
        "name": "Islington North"
      },
      {
        "pcon24_code": "E14001306",
        "name": "Islington South and Finsbury"
      },
      {
        "pcon24_code": "E14001310",
        "name": "Kensington and Bayswater"
      },
      {
        "pcon24_code": "E14001312",
        "name": "Kingston and Surbiton"
      },
      {
        "pcon24_code": "E14001331",
        "name": "Lewisham East"
      },
      {
        "pcon24_code": "E14001332",
        "name": "Lewisham North"
      },
      {
        "pcon24_code": "E14001333",
        "name": "Lewisham West and East Dulwich"
      },
      {
        "pcon24_code": "E14001334",
        "name": "Leyton and Wanstead"
      },
      {
        "pcon24_code": "E14001371",
        "name": "Mitcham and Morden"
      },
      {
        "pcon24_code": "E14001414",
        "name": "Old Bexley and Sidcup"
      },
      {
        "pcon24_code": "E14001417",
        "name": "Orpington"
      },
      {
        "pcon24_code": "E14001421",
        "name": "Peckham"
      },
      {
        "pcon24_code": "E14001430",
        "name": "Poplar and Limehouse"
      },
      {
        "pcon24_code": "E14001434",
        "name": "Putney"
      },
      {
        "pcon24_code": "E14001435",
        "name": "Queen's Park and Maida Vale"
      },
      {
        "pcon24_code": "E14001445",
        "name": "Richmond Park"
      },
      {
        "pcon24_code": "E14001448",
        "name": "Romford"
      },
      {
        "pcon24_code": "E14001454",
        "name": "Ruislip, Northwood and Pinner"
      },
      {
        "pcon24_code": "E14001503",
        "name": "Southgate and Wood Green"
      },
      {
        "pcon24_code": "E14001525",
        "name": "Stratford and Bow"
      },
      {
        "pcon24_code": "E14001527",
        "name": "Streatham and Croydon North"
      },
      {
        "pcon24_code": "E14001534",
        "name": "Sutton and Cheam"
      },
      {
        "pcon24_code": "E14001550",
        "name": "Tooting"
      },
      {
        "pcon24_code": "E14001553",
        "name": "Tottenham"
      },
      {
        "pcon24_code": "E14001556",
        "name": "Twickenham"
      },
      {
        "pcon24_code": "E14001558",
        "name": "Uxbridge and South Ruislip"
      },
      {
        "pcon24_code": "E14001559",
        "name": "Vauxhall and Camberwell Green"
      },
      {
        "pcon24_code": "E14001563",
        "name": "Walthamstow"
      },
      {
        "pcon24_code": "E14001576",
        "name": "West Ham and Beckton"
      },
      {
        "pcon24_code": "E14001586",
        "name": "Wimbledon"
      }
    ],
    "South East": [
      {
        "pcon24_code": "E14001063",
        "name": "Aldershot"
      },
      {
        "pcon24_code": "E14001067",
        "name": "Arundel and South Downs"
      },
      {
        "pcon24_code": "E14001069",
        "name": "Ashford"
      },
      {
        "pcon24_code": "E14001071",
        "name": "Aylesbury"
      },
      {
        "pcon24_code": "E14001072",
        "name": "Banbury"
      },
      {
        "pcon24_code": "E14001078",
        "name": "Basingstoke"
      },
      {
        "pcon24_code": "E14001082",
        "name": "Beaconsfield"
      },
      {
        "pcon24_code": "E14001088",
        "name": "Bexhill and Battle"
      },
      {
        "pcon24_code": "E14001090",
        "name": "Bicester and Woodstock"
      },
      {
        "pcon24_code": "E14001108",
        "name": "Bognor Regis and Littlehampton"
      },
      {
        "pcon24_code": "E14001117",
        "name": "Bracknell"
      },
      {
        "pcon24_code": "E14001129",
        "name": "Brighton Kemptown and Peacehaven"
      },
      {
        "pcon24_code": "E14001130",
        "name": "Brighton Pavilion"
      },
      {
        "pcon24_code": "E14001141",
        "name": "Buckingham and Bletchley"
      },
      {
        "pcon24_code": "E14001151",
        "name": "Canterbury"
      },
      {
        "pcon24_code": "E14001157",
        "name": "Chatham and Aylesford"
      },
      {
        "pcon24_code": "E14001162",
        "name": "Chesham and Amersham"
      },
      {
        "pcon24_code": "E14001166",
        "name": "Chichester"
      },
      {
        "pcon24_code": "E14001184",
        "name": "Crawley"
      },
      {
        "pcon24_code": "E14001191",
        "name": "Dartford"
      },
      {
        "pcon24_code": "E14001197",
        "name": "Didcot and Wantage"
      },
      {
        "pcon24_code": "E14001201",
        "name": "Dorking and Horley"
      },
      {
        "pcon24_code": "E14001202",
        "name": "Dover and Deal"
      },
      {
        "pcon24_code": "E14001210",
        "name": "Earley and Woodley"
      },
      {
        "pcon24_code": "E14001212",
        "name": "East Grinstead and Uckfield"
      },
      {
        "pcon24_code": "E14001214",
        "name": "East Hampshire"
      },
      {
        "pcon24_code": "E14001215",
        "name": "East Surrey"
      },
      {
        "pcon24_code": "E14001216",
        "name": "East Thanet"
      },
      {
        "pcon24_code": "E14001218",
        "name": "East Worthing and Shoreham"
      },
      {
        "pcon24_code": "E14001219",
        "name": "Eastbourne"
      },
      {
        "pcon24_code": "E14001220",
        "name": "Eastleigh"
      },
      {
        "pcon24_code": "E14001227",
        "name": "Epsom and Ewell"
      },
      {
        "pcon24_code": "E14001230",
        "name": "Esher and Walton"
      },
      {
        "pcon24_code": "E14001233",
        "name": "Fareham and Waterlooville"
      },
      {
        "pcon24_code": "E14001234",
        "name": "Farnham and Bordon"
      },
      {
        "pcon24_code": "E14001235",
        "name": "Faversham and Mid Kent"
      },
      {
        "pcon24_code": "E14001239",
        "name": "Folkestone and Hythe"
      },
      {
        "pcon24_code": "E14001246",
        "name": "Gillingham and Rainham"
      },
      {
        "pcon24_code": "E14001249",
        "name": "Godalming and Ash"
      },
      {
        "pcon24_code": "E14001252",
        "name": "Gosport"
      },
      {
        "pcon24_code": "E14001254",
        "name": "Gravesham"
      },
      {
        "pcon24_code": "E14001258",
        "name": "Guildford"
      },
      {
        "pcon24_code": "E14001263",
        "name": "Hamble Valley"
      },
      {
        "pcon24_code": "E14001274",
        "name": "Hastings and Rye"
      },
      {
        "pcon24_code": "E14001275",
        "name": "Havant"
      },
      {
        "pcon24_code": "E14001280",
        "name": "Henley and Thame"
      },
      {
        "pcon24_code": "E14001282",
        "name": "Herne Bay and Sandwich"
      },
      {
        "pcon24_code": "E14001294",
        "name": "Horsham"
      },
      {
        "pcon24_code": "E14001296",
        "name": "Hove and Portslade"
      },
      {
        "pcon24_code": "E14001303",
        "name": "Isle of Wight East"
      },
      {
        "pcon24_code": "E14001304",
        "name": "Isle of Wight West"
      },
      {
        "pcon24_code": "E14001330",
        "name": "Lewes"
      },
      {
        "pcon24_code": "E14001348",
        "name": "Maidenhead"
      },
      {
        "pcon24_code": "E14001349",
        "name": "Maidstone and Malling"
      },
      {
        "pcon24_code": "E14001360",
        "name": "Mid Buckinghamshire"
      },
      {
        "pcon24_code": "E14001366",
        "name": "Mid Sussex"
      },
      {
        "pcon24_code": "E14001369",
        "name": "Milton Keynes Central"
      },
      {
        "pcon24_code": "E14001370",
        "name": "Milton Keynes North"
      },
      {
        "pcon24_code": "E14001373",
        "name": "New Forest East"
      },
      {
        "pcon24_code": "E14001374",
        "name": "New Forest West"
      },
      {
        "pcon24_code": "E14001376",
        "name": "Newbury"
      },
      {
        "pcon24_code": "E14001392",
        "name": "North East Hampshire"
      },
      {
        "pcon24_code": "E14001403",
        "name": "North West Hampshire"
      },
      {
        "pcon24_code": "E14001419",
        "name": "Oxford East"
      },
      {
        "pcon24_code": "E14001420",
        "name": "Oxford West and Abingdon"
      },
      {
        "pcon24_code": "E14001431",
        "name": "Portsmouth North"
      },
      {
        "pcon24_code": "E14001432",
        "name": "Portsmouth South"
      },
      {
        "pcon24_code": "E14001438",
        "name": "Reading Central"
      },
      {
        "pcon24_code": "E14001439",
        "name": "Reading West and Mid Berkshire"
      },
      {
        "pcon24_code": "E14001442",
        "name": "Reigate"
      },
      {
        "pcon24_code": "E14001447",
        "name": "Rochester and Strood"
      },
      {
        "pcon24_code": "E14001449",
        "name": "Romsey and Southampton North"
      },
      {
        "pcon24_code": "E14001456",
        "name": "Runnymede and Weybridge"
      },
      {
        "pcon24_code": "E14001465",
        "name": "Sevenoaks"
      },
      {
        "pcon24_code": "E14001474",
        "name": "Sittingbourne and Sheppey"
      },
      {
        "pcon24_code": "E14001477",
        "name": "Slough"
      },
      {
        "pcon24_code": "E14001499",
        "name": "Southampton Itchen"
      },
      {
        "pcon24_code": "E14001500",
        "name": "Southampton Test"
      },
      {
        "pcon24_code": "E14001505",
        "name": "Spelthorne"
      },
      {
        "pcon24_code": "E14001532",
        "name": "Surrey Heath"
      },
      {
        "pcon24_code": "E14001533",
        "name": "Sussex Weald"
      },
      {
        "pcon24_code": "E14001549",
        "name": "Tonbridge"
      },
      {
        "pcon24_code": "E14001555",
        "name": "Tunbridge Wells"
      },
      {
        "pcon24_code": "E14001570",
        "name": "Weald of Kent"
      },
      {
        "pcon24_code": "E14001587",
        "name": "Winchester"
      },
      {
        "pcon24_code": "E14001588",
        "name": "Windsor"
      },
      {
        "pcon24_code": "E14001591",
        "name": "Witney"
      },
      {
        "pcon24_code": "E14001592",
        "name": "Woking"
      },
      {
        "pcon24_code": "E14001593",
        "name": "Wokingham"
      },
      {
        "pcon24_code": "E14001599",
        "name": "Worthing West"
      },
      {
        "pcon24_code": "E14001600",
        "name": "Wycombe"
      }
    ],
    "South West": [
      {
        "pcon24_code": "E14001080",
        "name": "Bath"
      },
      {
        "pcon24_code": "E14001115",
        "name": "Bournemouth East"
      },
      {
        "pcon24_code": "E14001116",
        "name": "Bournemouth West"
      },
      {
        "pcon24_code": "E14001126",
        "name": "Bridgwater"
      },
      {
        "pcon24_code": "E14001131",
        "name": "Bristol Central"
      },
      {
        "pcon24_code": "E14001132",
        "name": "Bristol East"
      },
      {
        "pcon24_code": "E14001133",
        "name": "Bristol North East"
      },
      {
        "pcon24_code": "E14001134",
        "name": "Bristol North West"
      },
      {
        "pcon24_code": "E14001135",
        "name": "Bristol South"
      },
      {
        "pcon24_code": "E14001148",
        "name": "Camborne and Redruth"
      },
      {
        "pcon24_code": "E14001155",
        "name": "Central Devon"
      },
      {
        "pcon24_code": "E14001161",
        "name": "Cheltenham"
      },
      {
        "pcon24_code": "E14001168",
        "name": "Chippenham"
      },
      {
        "pcon24_code": "E14001171",
        "name": "Christchurch"
      },
      {
        "pcon24_code": "E14001217",
        "name": "East Wiltshire"
      },
      {
        "pcon24_code": "E14001231",
        "name": "Exeter"
      },
      {
        "pcon24_code": "E14001232",
        "name": "Exmouth and Exeter East"
      },
      {
        "pcon24_code": "E14001237",
        "name": "Filton and Bradley Stoke"
      },
      {
        "pcon24_code": "E14001240",
        "name": "Forest of Dean"
      },
      {
        "pcon24_code": "E14001241",
        "name": "Frome and East Somerset"
      },
      {
        "pcon24_code": "E14001247",
        "name": "Glastonbury and Somerton"
      },
      {
        "pcon24_code": "E14001248",
        "name": "Gloucester"
      },
      {
        "pcon24_code": "E14001291",
        "name": "Honiton and Sidmouth"
      },
      {
        "pcon24_code": "E14001356",
        "name": "Melksham and Devizes"
      },
      {
        "pcon24_code": "E14001363",
        "name": "Mid Dorset and North Poole"
      },
      {
        "pcon24_code": "E14001381",
        "name": "Newton Abbot"
      },
      {
        "pcon24_code": "E14001385",
        "name": "North Cornwall"
      },
      {
        "pcon24_code": "E14001386",
        "name": "North Cotswolds"
      },
      {
        "pcon24_code": "E14001387",
        "name": "North Devon"
      },
      {
        "pcon24_code": "E14001388",
        "name": "North Dorset"
      },
      {
        "pcon24_code": "E14001394",
        "name": "North East Somerset and Hanham"
      },
      {
        "pcon24_code": "E14001399",
        "name": "North Somerset"
      },
      {
        "pcon24_code": "E14001426",
        "name": "Plymouth Moor View"
      },
      {
        "pcon24_code": "E14001427",
        "name": "Plymouth Sutton and Devonport"
      },
      {
        "pcon24_code": "E14001429",
        "name": "Poole"
      },
      {
        "pcon24_code": "E14001460",
        "name": "Salisbury"
      },
      {
        "pcon24_code": "E14001482",
        "name": "South Cotswolds"
      },
      {
        "pcon24_code": "E14001484",
        "name": "South Devon"
      },
      {
        "pcon24_code": "E14001485",
        "name": "South Dorset"
      },
      {
        "pcon24_code": "E14001486",
        "name": "South East Cornwall"
      },
      {
        "pcon24_code": "E14001495",
        "name": "South West Devon"
      },
      {
        "pcon24_code": "E14001498",
        "name": "South West Wiltshire"
      },
      {
        "pcon24_code": "E14001508",
        "name": "St Austell and Newquay"
      },
      {
        "pcon24_code": "E14001511",
        "name": "St Ives"
      },
      {
        "pcon24_code": "E14001529",
        "name": "Stroud"
      },
      {
        "pcon24_code": "E14001536",
        "name": "Swindon North"
      },
      {
        "pcon24_code": "E14001537",
        "name": "Swindon South"
      },
      {
        "pcon24_code": "E14001540",
        "name": "Taunton and Wellington"
      },
      {
        "pcon24_code": "E14001542",
        "name": "Tewkesbury"
      },
      {
        "pcon24_code": "E14001545",
        "name": "Thornbury and Yate"
      },
      {
        "pcon24_code": "E14001548",
        "name": "Tiverton and Minehead"
      },
      {
        "pcon24_code": "E14001551",
        "name": "Torbay"
      },
      {
        "pcon24_code": "E14001552",
        "name": "Torridge and Tavistock"
      },
      {
        "pcon24_code": "E14001554",
        "name": "Truro and Falmouth"
      },
      {
        "pcon24_code": "E14001572",
        "name": "Wells and Mendip Hills"
      },
      {
        "pcon24_code": "E14001575",
        "name": "West Dorset"
      },
      {
        "pcon24_code": "E14001581",
        "name": "Weston-super-Mare"
      },
      {
        "pcon24_code": "E14001603",
        "name": "Yeovil"
      }
    ],
    "Wales": [
      {
        "pcon24_code": "W07000081",
        "name": "Aberafan Maesteg"
      },
      {
        "pcon24_code": "W07000082",
        "name": "Alyn and Deeside"
      },
      {
        "pcon24_code": "W07000083",
        "name": "Bangor Aberconwy"
      },
      {
        "pcon24_code": "W07000084",
        "name": "Blaenau Gwent and Rhymney"
      },
      {
        "pcon24_code": "W07000085",
        "name": "Brecon, Radnor and Cwm Tawe"
      },
      {
        "pcon24_code": "W07000086",
        "name": "Bridgend"
      },
      {
        "pcon24_code": "W07000087",
        "name": "Caerfyrddin"
      },
      {
        "pcon24_code": "W07000088",
        "name": "Caerphilly"
      },
      {
        "pcon24_code": "W07000089",
        "name": "Cardiff East"
      },
      {
        "pcon24_code": "W07000090",
        "name": "Cardiff North"
      },
      {
        "pcon24_code": "W07000091",
        "name": "Cardiff South and Penarth"
      },
      {
        "pcon24_code": "W07000092",
        "name": "Cardiff West"
      },
      {
        "pcon24_code": "W07000093",
        "name": "Ceredigion Preseli"
      },
      {
        "pcon24_code": "W07000094",
        "name": "Clwyd East"
      },
      {
        "pcon24_code": "W07000095",
        "name": "Clwyd North"
      },
      {
        "pcon24_code": "W07000096",
        "name": "Dwyfor Meirionnydd"
      },
      {
        "pcon24_code": "W07000097",
        "name": "Gower"
      },
      {
        "pcon24_code": "W07000098",
        "name": "Llanelli"
      },
      {
        "pcon24_code": "W07000099",
        "name": "Merthyr Tydfil and Aberdare"
      },
      {
        "pcon24_code": "W07000100",
        "name": "Mid and South Pembrokeshire"
      },
      {
        "pcon24_code": "W07000101",
        "name": "Monmouthshire"
      },
      {
        "pcon24_code": "W07000102",
        "name": "Montgomeryshire and Glyndr"
      },
      {
        "pcon24_code": "W07000103",
        "name": "Neath and Swansea East"
      },
      {
        "pcon24_code": "W07000104",
        "name": "Newport East"
      },
      {
        "pcon24_code": "W07000105",
        "name": "Newport West and Islwyn"
      },
      {
        "pcon24_code": "W07000106",
        "name": "Pontypridd"
      },
      {
        "pcon24_code": "W07000107",
        "name": "Rhondda and Ogmore"
      },
      {
        "pcon24_code": "W07000108",
        "name": "Swansea West"
      },
      {
        "pcon24_code": "W07000109",
        "name": "Torfaen"
      },
      {
        "pcon24_code": "W07000110",
        "name": "Vale of Glamorgan"
      },
      {
        "pcon24_code": "W07000111",
        "name": "Wrexham"
      },
      {
        "pcon24_code": "W07000112",
        "name": "Ynys Mn"
      }
    ],
    "Scotland": [
      {
        "pcon24_code": "S14000060",
        "name": "Aberdeen North"
      },
      {
        "pcon24_code": "S14000061",
        "name": "Aberdeen South"
      },
      {
        "pcon24_code": "S14000062",
        "name": "Aberdeenshire North and Moray East"
      },
      {
        "pcon24_code": "S14000063",
        "name": "Airdrie and Shotts"
      },
      {
        "pcon24_code": "S14000064",
        "name": "Alloa and Grangemouth"
      },
      {
        "pcon24_code": "S14000065",
        "name": "Angus and Perthshire Glens"
      },
      {
        "pcon24_code": "S14000066",
        "name": "Arbroath and Broughty Ferry"
      },
      {
        "pcon24_code": "S14000067",
        "name": "Argyll, Bute and South Lochaber"
      },
      {
        "pcon24_code": "S14000107",
        "name": "Ayr, Carrick and Cumnock"
      },
      {
        "pcon24_code": "S14000068",
        "name": "Bathgate and Linlithgow"
      },
      {
        "pcon24_code": "S14000108",
        "name": "Berwickshire, Roxburgh and Selkirk"
      },
      {
        "pcon24_code": "S14000069",
        "name": "Caithness, Sutherland and Easter Ross"
      },
      {
        "pcon24_code": "S14000109",
        "name": "Central Ayrshire"
      },
      {
        "pcon24_code": "S14000070",
        "name": "Coatbridge and Bellshill"
      },
      {
        "pcon24_code": "S14000071",
        "name": "Cowdenbeath and Kirkcaldy"
      },
      {
        "pcon24_code": "S14000072",
        "name": "Cumbernauld and Kirkintilloch"
      },
      {
        "pcon24_code": "S14000073",
        "name": "Dumfries and Galloway"
      },
      {
        "pcon24_code": "S14000074",
        "name": "Dumfriesshire, Clydesdale and Tweeddale"
      },
      {
        "pcon24_code": "S14000075",
        "name": "Dundee Central"
      },
      {
        "pcon24_code": "S14000076",
        "name": "Dunfermline and Dollar"
      },
      {
        "pcon24_code": "S14000077",
        "name": "East Kilbride and Strathaven"
      },
      {
        "pcon24_code": "S14000021",
        "name": "East Renfrewshire"
      },
      {
        "pcon24_code": "S14000078",
        "name": "Edinburgh East and Musselburgh"
      },
      {
        "pcon24_code": "S14000079",
        "name": "Edinburgh North and Leith"
      },
      {
        "pcon24_code": "S14000080",
        "name": "Edinburgh South"
      },
      {
        "pcon24_code": "S14000081",
        "name": "Edinburgh South West"
      },
      {
        "pcon24_code": "S14000082",
        "name": "Edinburgh West"
      },
      {
        "pcon24_code": "S14000083",
        "name": "Falkirk"
      },
      {
        "pcon24_code": "S14000084",
        "name": "Glasgow East"
      },
      {
        "pcon24_code": "S14000085",
        "name": "Glasgow North"
      },
      {
        "pcon24_code": "S14000086",
        "name": "Glasgow North East"
      },
      {
        "pcon24_code": "S14000087",
        "name": "Glasgow South"
      },
      {
        "pcon24_code": "S14000088",
        "name": "Glasgow South West"
      },
      {
        "pcon24_code": "S14000089",
        "name": "Glasgow West"
      },
      {
        "pcon24_code": "S14000090",
        "name": "Glenrothes and Mid Fife"
      },
      {
        "pcon24_code": "S14000091",
        "name": "Gordon and Buchan"
      },
      {
        "pcon24_code": "S14000092",
        "name": "Hamilton and Clyde Valley"
      },
      {
        "pcon24_code": "S14000093",
        "name": "Inverclyde and Renfrewshire West"
      },
      {
        "pcon24_code": "S14000094",
        "name": "Inverness, Skye and West Ross-shire"
      },
      {
        "pcon24_code": "S14000110",
        "name": "Kilmarnock and Loudoun"
      },
      {
        "pcon24_code": "S14000095",
        "name": "Livingston"
      },
      {
        "pcon24_code": "S14000096",
        "name": "Lothian East"
      },
      {
        "pcon24_code": "S14000097",
        "name": "Mid Dunbartonshire"
      },
      {
        "pcon24_code": "S14000045",
        "name": "Midlothian"
      },
      {
        "pcon24_code": "S14000098",
        "name": "Moray West, Nairn and Strathspey"
      },
      {
        "pcon24_code": "S14000099",
        "name": "Motherwell, Wishaw and Carluke"
      },
      {
        "pcon24_code": "S14000027",
        "name": "Na h-Eileanan an Iar"
      },
      {
        "pcon24_code": "S14000048",
        "name": "North Ayrshire and Arran"
      },
      {
        "pcon24_code": "S14000100",
        "name": "North East Fife"
      },
      {
        "pcon24_code": "S14000051",
        "name": "Orkney and Shetland"
      },
      {
        "pcon24_code": "S14000101",
        "name": "Paisley and Renfrewshire North"
      },
      {
        "pcon24_code": "S14000102",
        "name": "Paisley and Renfrewshire South"
      },
      {
        "pcon24_code": "S14000103",
        "name": "Perth and Kinross-shire"
      },
      {
        "pcon24_code": "S14000104",
        "name": "Rutherglen"
      },
      {
        "pcon24_code": "S14000105",
        "name": "Stirling and Strathallan"
      },
      {
        "pcon24_code": "S14000111",
        "name": "West Aberdeenshire and Kincardine"
      },
      {
        "pcon24_code": "S14000106",
        "name": "West Dunbartonshire"
      }
    ],
    "Northern Ireland": [
      {
        "pcon24_code": "N05000001",
        "name": "Belfast East"
      },
      {
        "pcon24_code": "N05000002",
        "name": "Belfast North"
      },
      {
        "pcon24_code": "N05000003",
        "name": "Belfast South and Mid Down"
      },
      {
        "pcon24_code": "N05000004",
        "name": "Belfast West"
      },
      {
        "pcon24_code": "N05000005",
        "name": "East Antrim"
      },
      {
        "pcon24_code": "N05000006",
        "name": "East Londonderry"
      },
      {
        "pcon24_code": "N05000007",
        "name": "Fermanagh and South Tyrone"
      },
      {
        "pcon24_code": "N05000008",
        "name": "Foyle"
      },
      {
        "pcon24_code": "N05000009",
        "name": "Lagan Valley"
      },
      {
        "pcon24_code": "N05000010",
        "name": "Mid Ulster"
      },
      {
        "pcon24_code": "N05000011",
        "name": "Newry and Armagh"
      },
      {
        "pcon24_code": "N05000012",
        "name": "North Antrim"
      },
      {
        "pcon24_code": "N05000013",
        "name": "North Down"
      },
      {
        "pcon24_code": "N05000014",
        "name": "South Antrim"
      },
      {
        "pcon24_code": "N05000015",
        "name": "South Down"
      },
      {
        "pcon24_code": "N05000016",
        "name": "Strangford"
      },
      {
        "pcon24_code": "N05000017",
        "name": "Upper Bann"
      },
      {
        "pcon24_code": "N05000018",
        "name": "West Tyrone"
      }
    ]
  }
}